systematic_id	allele_name	allele_description	change_name_to
SPAC13C5.03	tht1-N163D	N129D	tht1-N129D
SPAC13C5.03	tht1-N372D	N338D	tht1-N338D
SPAC13C5.03	N163D	N129D	tht1-N129D
SPAC13C5.03	N372D	N338D	tht1-N338D
SPAC13C5.07	mre11-P39S	P93S	mre11-P93S
SPAC19G12.10c	cpy1(C575T)	C627T	cpy1(C627T)
SPAC227.13c	isu1-D37A	D90A	isu1-D90A
SPAC23C4.18c	rad4-F305S	F303S	rad4-F303S
SPAC23C4.18c	rad4-F305S-E368K	F303S,E368K	rad4-F303S,E368K
SPAC27D7.03c	mei2-F644A,Y645V	F644A,I645V	mei2-F644A,I645V
SPAC27F1.09c	prp10-H662Q	H524Q	prp10-H524Q
SPAC27F1.09c	prp10-K666N	R528N	prp10-R528N
SPAC27F1.09c	prp10-K700E	K562E	prp10-K562E
SPAC4G9.08c	rpc2-T455I	T466I	rpc2-T466I
SPAC694.06c	mrc1-S604A,S673A	S604A,S637A	mrc1-S604A,S637A
SPAC767.01c	vps1-K42A	K40A	vps1-K40A
SPBC24C6.08c	bhd1-H255R	H352R	bhd1-H352R
SPBC428.16c	rhb1-T35M	T38M	rhb1-T38M
SPBC685.09	orc2-T159A,S162A,T196A,T209A,T214A,T217A	T8A,T21A,T26A,T29A,T123A,S126A	orc2-T8A,T21A,T26A,T29A,T123A,S126A
SPBC776.09	ste13-Q194P	E194P	ste13-E194P
SPBC776.13	cnd1-S331P	L331P	cnd1-L331P
SPCC1183.06	ung1-D145N	D142N	ung1-D142N
SPCC1183.06	ung1-L272A	L270A	ung1-L270A
SPCC4G3.05c	mus81-T239A	T275A	mus81-T275A
SPCC645.03c	isa1-C136A	C180A	isa1-C180A
SPCC645.03c	isa1-C138A	C182A	isa1-C182A
SPCC645.03c	isa1-C72A	C116A	isa1-C116A
SPCC757.09c	rnc1-G557D	G337D	rnc1-G337D
SPCC962.02c	bir1-C105A	C95A	bir1-C95A
SPAC27F1.09c	prp10-E622D	E484D	prp10-E484D
SPAC30.03c	tsn1-K106A	K90A	tsn1-K90A
SPAC30.03c	tsn1-W100A	W84A	tsn1-W84A
SPBC16D10.04c	dna2-E560A	E559A	dna2-E559A
SPBC685.09	orp2delta1-127	1-91	orp2delta1-91
SPAC27F1.09c	prp10-E622D	E622D	prp10-E622D
SPAC16.01	rho2-G17V,C198S	G17V,C197S	rho2-G17V,C197S
SPAC16.01	rho2-T22N,C198S	T22N,C197S	rho2-T22N,C197S
SPAC17G8.04c	arc5-R3E	R4E	arc5-R4E
SPAC19A8.05c	sst4-S271D	S272D	sst4-S272D
SPAC19A8.05c	sst4-S271D,S316D	S272D,S316D	sst4-S272D,S316D
SPAC19G12.10c	cpy1(S609A)	S661A	cpy1(S661A)
SPAC23C11.16	plo1-DHK625AAA	D625A,H626A,K628A	plo1-D625A,H626A,K628A
SPAC2G11.15c	tgs1-D68A	D78A	tgs1-D78A
SPAC30D11.10	rad52-E250A,D251A	E249A,D250A	rad52-E249A,D250A
SPAC3H5.06c	pol1-L471A	L470A	pol1-L470A
SPAC3H5.06c	pol1-S470A	S471A	pol1-S471A
SPAP8A3.06	uaf2-KK195AA	K196A,K197A	uaf2-K196A,K197A
SPBC1709.04c	cyp3-F128W	F129W	cyp3-F129W
SPBC32F12.04	gtb1-P301L	P302L	gtb1-P302L
SPBC428.16c	rhb1-D121A	D122A	rhb1-D122A
SPBC839.07	ibp1-C69S	C70S	ibp1-C70S
SPBC839.07	ibp1-R75A	R76A	ibp1-R76A
SPBC839.07	ibp1-S72A	S73A	ibp1-S73A
SPCC188.06c	srp54-G408I	G407I	srp54-G407I
SPCC188.06c	srp54-G408P	G407P	srp54-G407P
SPCC777.14	prp4-K189I	K188I	prp4-K188I