systematic_id	Old name	New name
SPAC1565.08	cdc48-M298Y	cdc48-M292Y
SPAC17H9.04c	dri1-F290A	dri1-F282A
SPAC1B2.03c	elo2-H168A	elo2-H161A
SPAC23E2.02	lsd2-KK861AA	lsd2-KK-823-AA
SPAC30.03c	tsn1-K95A	tsn1-K79A
SPAC30.03c	tsn1-Q105A	tsn1-Q89A
SPAC30.03c	tsn1-R102G	tsn1-R86G
SPAC30.03c	tsn1-R210G	tsn1-R194G
SPAC30.03c	tsn1-R211G	tsn1-R195G
SPAC688.11	end4-R1083G	end4-R1093G
SPAP7G5.04c	lys1-G910A	lys1-G913A
SPAP7G5.04c	lys1-G911A	lys1-G914A
SPAP7G5.04c	lys1-H912Q	lys1-H915Q
SPAP7G5.04c	lys1-S913A	lys1-S916A
SPAP7G5.04c	lys1-S913T	lys1-S916T
SPBC16D10.04c	dna2-S135A	dna2-S134A
SPBC16D10.04c	dna2-S220A	dna2-S219A
SPBC16D10.04c	dna2-S220D	dna2-S219D
SPBC1706.01	tea4-F225A	tea4-F237A
SPBC1706.01	tea4-P170A	tea4-P182A
SPBC1706.01	tea4-V223A	tea4-V235A
SPBC428.18	cdt1-S382A	cdt1-S360A
SPBC530.12c	pdf1-D226A	pdf1-D245A
SPBC530.12c	pdf1-H478A	pdf1-H497A
SPBC530.12c	pdf1-K302Stop	pdf1-K321*
SPBC530.12c	pdf1-R344A	pdf1-R363A
SPBC530.12c	pdf1-R344A,R354A	pdf1-R363A,R373A
SPBC530.12c	pdf1-R354A	pdf1-R373A
SPBC530.12c	pdf1-S106A	pdf1-S125A
SPBC582.05c	brc1-H307G,Y308F,P309G	brc1-H278G,Y279F,P280G
SPBC582.05c	brc1-K710M	brc1-K681M
SPBC582.05c	brc1-R268K	brc1-R239K
SPBC582.05c	brc1-T148S,H149G	brc1-T119S,H120G
SPBC582.05c	brc1-T672A	brc1-T643A
SPCC18.06c	caf1-D50A	caf1-D53A
SPCC18.06c	caf1-L125F	caf1-L128F
SPCC18.06c	caf1-S122A	caf1-S125A
SPCC330.10	pcm1-D145A	pcm1-D116A
SPCC330.10	pcm1-R181A	pcm1-R152A
SPCC330.10	pcm1-Y225A	pcm1-Y196A
SPCC825.02	gbs1-E457Q	gbs1-E456Q
SPCC825.02	gbs1-Q408E	gbs1-Q407E
SPCC825.02	gbs1-R438K	gbs1-R437K
SPCC825.02	gbs1-Y463F	gbs1-Y462F
SPAC1565.08	cdc48-E325K	cdc48-E319K
SPAPB8E5.05	M8D	M38D
SPAPB8E5.05	M8G	M38G
SPAPB8E5.05	M8H	M38H
SPAPB8E5.05	M8K	M38K
SPAPB8E5.05	M8N	M38N
SPAPB8E5.05	M8P	M38P
SPAPB8E5.05	M8R	M38R
SPAPB8E5.05	M8S	M38S
SPAPB8E5.05	M8T	M38T
SPAPB8E5.05	M8W	M38W
SPAPB8E5.05	P6E	P36E
SPAPB8E5.05	P6H	P36H
SPAPB8E5.05	P6K	P36K
SPAPB8E5.05	P6L	P36L
SPAPB8E5.05	P6R	P36R
SPAPB8E5.05	P6W	P36W
SPAPB8E5.05	V5D	V35D
SPAPB8E5.05	V5G	V35G
SPAPB8E5.05	V5H	V35H
SPAPB8E5.05	V5K	V35K
SPAPB8E5.05	V5N	V35N
SPAPB8E5.05	V5Q	V35Q
SPAPB8E5.05	V5R	V35R
SPAPB8E5.05	V5W	V35W
SPAPB8E5.05	Y7A	Y37A
SPAPB8E5.05	Y7D	Y37D
SPAPB8E5.05	Y7E	Y37E
SPAPB8E5.05	Y7G	Y37G
SPAPB8E5.05	Y7H	Y37H
SPAPB8E5.05	Y7K	Y37K
SPAPB8E5.05	Y7P	Y37P
SPAPB8E5.05	Y7Q	Y37Q
SPAPB8E5.05	Y7R	Y37R
SPAPB8E5.05	Y7S	Y37S
SPAPB8E5.05	Y7T	Y37T
SPBC14C8.01c	cut2-R267->stop	cut2-R262*
SPBC16D10.04c	dna2-S135A	dna2-S134A
SPBC16D10.04c	dna2-S220A	dna2-S219A
SPBC16D10.04c	dna2-S220D	dna2-S219D
SPBC16H5.11c	skb1-E422A,E431A	skb1-E402A,E411A
SPBC16H5.11c	skb1-F319Y	skb1-F299Y
SPBC1706.01	S215A	S227A
SPAC56F8.06c	alg10-183-stop	alg10-N184*
SPBC28F2.12	rpb1-CTD-S2A(5-16),CTDdelta(17-29)	rpb1-CTD-S2A(r5-r16)delta(r17-r29)
SPBC28F2.12	rpb1-CTD-S2E(5-16)	rpb1-CTD-S2E(r5-r16)
SPBC28F2.12	rpb1-CTDdelta(11-29)	rpb1-CTD-delta(r11-r29)
SPBC28F2.12	rpb1-CTD-S5A	rpb1-CTD-S5A
SPBC28F2.12	rpb1-CTD-S2A(12)	rpb1-CTD-S2A(r1-r12)delta(r13-r29)
SPBC28F2.12	rpb1-CTD-S2A(5-29)	rpb1-S2A(r5-r29)
SPBC28F2.12	rpb1-CTD-S2A,S7A(5-29)	rpb1-CTD-S2A(r5-r29)S7A(r5-r29)
SPBC28F2.12	rpb1-CTD-S7A(5-29)	rpb1-CTD-S7A(r5-r29)
SPBC28F2.12	rpb1-CTD-S53,S5A11	rpb1-CTD-(S5)3(S5A)11
SPBC28F2.12	rpb1-CTD-T4A,S7A(5-29)	rpb1-CTD-T4A,S7A(r5-r29)
SPBC28F2.12	rpb1-CTD-T4A(5-29)	rpb1-CTD-T4A(r5-r29)
SPAC23C4.19	spt5-CTD-T1E(17)	spt5-CTD-T1E
SPBC28F2.12	rpb1-CTD-T4(25-29)	rpb1-CTD-T4E(r5-r29)
SPBC28F2.12	rpb1-T4A(1-29)	rpb1-CTD-T4A
SPBC28F2.12	rpb1-CTD-T4A	rpb1-CTD-T4A
SPBC28F2.12	rpb1-Y1F(1-29)	rpb1-CTD-Y1F
SPBC28F2.12	rpb1-S7A(1-29)	rpb1-CTD-S7A
SPAC23C4.19	spt5-(T1A)7	spt5-CTD-T1A
SPBC28F2.12	rpb1-CTD-(S2A-S7A)	rpb1-CTD-S2A,S7A
SPBC28F2.12	rpb1-CTD-P3.P3A	rpb1-CTD-P3A(r2-r29-2)
SPBC28F2.12	rpb1-CTD-P6.P6A	rpb1-CTD-P6A(r2-r29-2)
SPBC28F2.12	rpb1-CTD-S5.S5A	rpb1-CTD-S5A(r2-r29-2)
SPAC110.03	cdc42-D118A,C198S	cdc42-D118A,C189S
SPAC110.03	cdc42-G12V,C198S	cdc42-G12V,C189S
SPAC1556.01c	rad50-K1195A	rad50-R1195A
SPAC1556.01c	rad50-K1195E	rad50-R1195E
SPAC17G6.17	pof8-F179E,V198E	pof8-F197E,V198E
SPAC23C4.03	hrk1-V19E	hrk1-V91E
SPAC24B11.11c	sid2-K38R	sid2-K238R
SPAC977.10	nhe1-R3479L	nhe1-E397L
SPAC977.10	nhe1-REL6	nhe1-REL6
SPAP8A3.06	uaf2-C157S,C163S,C167I	uaf2-C157S,C163S,H167I
SPAP8A3.06	uaf2-C27S,C33S,C37I	uaf2-C27S,C33S,H37I
SPAP8A3.06	uaf2-E68A,E71A,E74A	uaf2-E68A,E71A,D74A
SPAP8A3.06	uaf2-E68A,E71A,E74A,ED78AA	uaf2-E68A,E71A,D74A,ED78AA
SPAP8A3.06	uaf2-RK177AA	uaf2-RD177AA
SPAP8A3.06	uaf2-T45D,T47D	uaf2-T45DL47D
SPAP8A3.06	uaf2-T47D	uaf2-L47D
SPAP8A3.06	uaf2-T47R	uaf2-L47R
SPBC146.13c	myo1-S61A	myo1-S361A
SPBC146.13c	myo1-S61D	myo1-S361D
SPBC1718.07c	zfs1-S141A,S145A,S154A,S155A	zfs1-S141A,S151A,S154A,S155A
SPBC29A10.14	rec8-S522P	rec8-S552P
SPBC32H8.11	mei4-F125D	mei4-F115D
SPBC32H8.11	mei4-K85Q	mei4-K81Q
SPBC32H8.11	mei4-W115S	mei4-W125S
SPBP19A11.06	lid2	lid2H512A
SPCC1259.15c	ubc11-P39L	ubc11-P93L
SPCC338.08	ctp1-E255A	ctp1-E225A
SPCC645.05c	myo2deltaCt-1-1393,S144A	myo2Ct-S144A
SPCC645.05c	myo2deltaCt-1-1393,S144D	myo2Ct-S1444D
SPBC19C2.09	sre1-Q801*	sre1-Q802*
SPAC1486.02c	dsc2-G160*	dsc2-V160*
SPBC1718.07c	zfs1 S164A,T1645A	zfs1-S164A,T165A
SPCC1672.06c	asp1-C663S,C664S	asp1-C663S,C864S
SPCC18B5.11c	cds1-R63A,N107A	cds1-R64A,N107A
SPCC584.04	sup35-R643A	sup35-R642A
SPAC20G4.02c	fus1-TR1 deleted	fus1-deltaTR1
SPAC20G4.02c	fus1-TR2 deleted	fus1-deltaTR2
SPAC25B8.19c	pgk1DTATA-loz1-GFP	loz1+
SPAC1006.08	41X-GFP-etd1	etd1+
SPAC1006.08	Overexpression of etd1-D9	etd1-D9
SPBC146.13c	myo1-IQ1	myo1-IQ1-AA
SPBC146.13c	myo1-IQ2	myo1-IQ2-AA
SPCC4B3.15	mid1-NES-delta1-150	NES-mid1-delta1
SPBP4H10.15	aco2-MTS+ribosomal domain	aco2RDÎ”NLS
SPAC18B11.07c	sng1-	rhp6-sng1-
SPAC13C5.03	tht1-N163D	tht1-N129D
SPAC13C5.03	tht1-N372D	tht1-N338D
SPAC13C5.03	N163D	tht1-N129D
SPAC13C5.03	N372D	tht1-N338D
SPAC13C5.07	mre11-P39S	mre11-P93S
SPAC19G12.10c	cpy1(C575T)	cpy1(C627T)
SPAC227.13c	isu1-D37A	isu1-D90A
SPAC23C4.18c	rad4-F305S	rad4-F303S
SPAC23C4.18c	rad4-F305S-E368K	rad4-F303S,E368K
SPAC27D7.03c	mei2-F644A,Y645V	mei2-F644A,I645V
SPAC27F1.09c	prp10-H662Q	prp10-H524Q
SPAC27F1.09c	prp10-K666N	prp10-R528N
SPAC27F1.09c	prp10-K700E	prp10-K562E
SPAC4G9.08c	rpc2-T455I	rpc2-T466I
SPAC694.06c	mrc1-S604A,S673A	mrc1-S604A,S637A
SPAC767.01c	vps1-K42A	vps1-K40A
SPBC24C6.08c	bhd1-H255R	bhd1-H352R
SPBC428.16c	rhb1-T35M	rhb1-T38M
SPBC685.09	orc2-T159A,S162A,T196A,T209A,T214A,T217A	orc2-T8A,T21A,T26A,T29A,T123A,S126A
SPBC776.09	ste13-Q194P	ste13-E194P
SPBC776.13	cnd1-S331P	cnd1-L331P
SPCC1183.06	ung1-D145N	ung1-D142N
SPCC1183.06	ung1-L272A	ung1-L270A
SPCC4G3.05c	mus81-T239A	mus81-T275A
SPCC645.03c	isa1-C136A	isa1-C180A
SPCC645.03c	isa1-C138A	isa1-C182A
SPCC645.03c	isa1-C72A	isa1-C116A
SPCC757.09c	rnc1-G557D	rnc1-G337D
SPCC962.02c	bir1-C105A	bir1-C95A
SPAC27F1.09c	prp10-E622D	prp10-E484D
SPAC30.03c	tsn1-K106A	tsn1-K90A
SPAC30.03c	tsn1-W100A	tsn1-W84A
SPBC16D10.04c	dna2-E560A	dna2-E559A
SPBC685.09	orp2delta1-127	orp2delta1-91
SPAC16.01	rho2-G17V,C198S	rho2-G17V,C197S
SPAC16.01	rho2-T22N,C198S	rho2-T22N,C197S
SPAC17G8.04c	arc5-R3E	arc5-R4E
SPAC19A8.05c	sst4-S271D	sst4-S272D
SPAC19A8.05c	sst4-S271D,S316D	sst4-S272D,S316D
SPAC19G12.10c	cpy1(S609A)	cpy1(S661A)
SPAC23C11.16	plo1-DHK625AAA	plo1-D625A,H626A,K628A
SPAC2G11.15c	tgs1-D68A	tgs1-D78A
SPAC30D11.10	rad52-E250A,D251A	rad52-E249A,D250A
SPAC3H5.06c	pol1-L471A	pol1-L470A
SPAC3H5.06c	pol1-S470A	pol1-S471A
SPAP8A3.06	uaf2-KK195AA	uaf2-K196A,K197A
SPBC1709.04c	cyp3-F128W	cyp3-F129W
SPBC32F12.04	gtb1-P301L	gtb1-P302L
SPBC428.16c	rhb1-D121A	rhb1-D122A
SPBC839.07	ibp1-C69S	ibp1-C70S
SPBC839.07	ibp1-R75A	ibp1-R76A
SPBC839.07	ibp1-S72A	ibp1-S73A
SPCC188.06c	srp54-G408I	srp54-G407I
SPCC188.06c	srp54-G408P	srp54-G407P
SPCC777.14	prp4-K189I	prp4-K188I
